<?xml version="1.0" encoding="utf-8" ?>
<Defs>



	<ThingDef ParentName="ApparelMakeableBase">
		<defName>ROM_Apparel_CallOfCthulhuShirtTie</defName>
		<description>During the 20th century, this piece of apparel became highly fashionable for conducting business.</description>
		<label>shirt and tie</label>
		<recipeMaker>
			<researchPrerequisite>ComplexClothing</researchPrerequisite>
		</recipeMaker>
		<graphicData>
			<texPath>Apparel/Display/CallOfCthulhu_ShirtTie</texPath>
			<graphicClass>Graphic_Single</graphicClass>
		</graphicData>
		<costList>
			<Cloth>60</Cloth>
		</costList>
		<thingCategories>
			<li>Apparel</li>
		</thingCategories>
		<statBases>
		  <WorkToMake>15000</WorkToMake>
		  <Mass>0.25</Mass>
		  <StuffEffectMultiplierArmor>0.2</StuffEffectMultiplierArmor>
		  <StuffEffectMultiplierInsulation_Cold>0.26</StuffEffectMultiplierInsulation_Cold>
		  <StuffEffectMultiplierInsulation_Heat>0.10</StuffEffectMultiplierInsulation_Heat>
		</statBases>
		<equippedStatOffsets>
			<SocialImpact>0.15</SocialImpact>
		</equippedStatOffsets>

		<generateCommonality>0.1</generateCommonality>
		<apparel>
			<bodyPartGroups>
				<li>Torso</li>
				<li>Shoulders</li>
				<li>Arms</li>
			</bodyPartGroups>
			<wornGraphicPath>Apparel/Bodywear_Clothing/ShirtTie/CallOfCthulhu_ShirtTie</wornGraphicPath>
			<layers>
				<li>OnSkin</li>
			</layers>
			<tags>
				<li>CallOfCthulhu_JuniorDetective</li>
				<li>CallOfCthulhu_Detective</li>
			</tags>
		</apparel>
		<colorGenerator Class="ColorGenerator_StandardApparel" />
	</ThingDef>

	<ThingDef ParentName="ApparelMakeableBase">
		<defName>ROM_Apparel_CallOfCthulhuPlaidShirt</defName>
		<description>During the 20th century, this piece of apparel became popular attire for laborers.</description>
		<label>plaid shirt</label>
		<recipeMaker>
			<researchPrerequisite>ComplexClothing</researchPrerequisite>
		</recipeMaker>
		<graphicData>
			<texPath>Apparel/Bodywear_Clothing/ShirtPlaid/SShirtPlaid</texPath>
			<graphicClass>Graphic_Single</graphicClass>
		</graphicData>
		<costList>
			<Cloth>40</Cloth>
		</costList>
		<thingCategories>
			<li>Apparel</li>
		</thingCategories>
		<statBases>
		  <WorkToMake>10000</WorkToMake>
		  <Mass>0.18</Mass>
		  <StuffEffectMultiplierArmor>0.18</StuffEffectMultiplierArmor>
		  <StuffEffectMultiplierInsulation_Cold>0.26</StuffEffectMultiplierInsulation_Cold>
		  <StuffEffectMultiplierInsulation_Heat>0.10</StuffEffectMultiplierInsulation_Heat>
		</statBases>

		<generateCommonality>0.1</generateCommonality>
		<apparel>
			<bodyPartGroups>
				<li>Torso</li>
				<li>Shoulders</li>
				<li>Arms</li>
			</bodyPartGroups>
			<wornGraphicPath>Apparel/Bodywear_Clothing/ShirtPlaid/SShirtPlaid</wornGraphicPath>
			<layers>
				<li>OnSkin</li>
			</layers>
			<tags>
				<li>CallOfCthulhu_Lumberjack</li>
			</tags>
		</apparel>
		<colorGenerator Class="ColorGenerator_StandardApparel" />
	</ThingDef>


  <ThingDef ParentName="HatMakeableBase">
    <defName>ROM_Apparel_CallOfCthulhuTopHat</defName>
    <label>top hat</label>
    <description>An elegant hat which gives the wearer a sophisticated look of importance. Improves social impact.</description>
    <graphicData>
      <texPath>Apparel/Display/ROMTopHat</texPath>
      <graphicClass>Graphic_Single</graphicClass>
    </graphicData>
    <costStuffCount>25</costStuffCount>
    <stuffCategories>
      <li>Fabric</li>
      <li>Leathery</li>
    </stuffCategories>
    <statBases>
      <WorkToMake>5000</WorkToMake>
      <Mass>0.25</Mass>
      <StuffEffectMultiplierArmor>0.2</StuffEffectMultiplierArmor>
      <StuffEffectMultiplierInsulation_Cold>0.10</StuffEffectMultiplierInsulation_Cold>
      <StuffEffectMultiplierInsulation_Heat>0.40</StuffEffectMultiplierInsulation_Heat>
    </statBases>
    <equippedStatOffsets>
      <SocialImpact>0.15</SocialImpact>
    </equippedStatOffsets>

		<generateCommonality>0.11</generateCommonality>
    <apparel>
      <bodyPartGroups>
        <li>UpperHead</li>
      </bodyPartGroups>
      <wornGraphicPath>Apparel/Hats/TopHat/ROMTopHat</wornGraphicPath>
      <layers>
        <li>Overhead</li>
      </layers>
      <tags>
		<li>CallOfCthulhu_Townsfolk</li>
      </tags>
      <defaultOutfitTags>
		<li>CallOfCthulhu_Townsfolk</li>
      </defaultOutfitTags>
    </apparel>

    <colorGenerator Class="ColorGenerator_StandardApparel" />
  </ThingDef>

  <ThingDef ParentName="HatMakeableBase">
    <defName>ROM_Apparel_CallOfCthulhuNewsboyCap</defName>
    <label>newsboy cap</label>
    <description>A plain cap which gives off an urban look. Improves social impact.</description>
    <graphicData>
      <texPath>Apparel/Display/ROMNewsboyCap</texPath>
      <graphicClass>Graphic_Single</graphicClass>
    </graphicData>
    <costStuffCount>25</costStuffCount>
    <stuffCategories>
      <li>Fabric</li>
      <li>Leathery</li>
    </stuffCategories>
    <statBases>
      <WorkToMake>4000</WorkToMake>
      <Mass>0.25</Mass>
      <StuffEffectMultiplierArmor>0.2</StuffEffectMultiplierArmor>
      <StuffEffectMultiplierInsulation_Cold>0.10</StuffEffectMultiplierInsulation_Cold>
      <StuffEffectMultiplierInsulation_Heat>0.40</StuffEffectMultiplierInsulation_Heat>
    </statBases>
    <equippedStatOffsets>
      <SocialImpact>0.15</SocialImpact>
    </equippedStatOffsets>

		<generateCommonality>0.111</generateCommonality>
    <apparel>
      <bodyPartGroups>
        <li>UpperHead</li>
      </bodyPartGroups>
      <wornGraphicPath>Apparel/Hats/NewsboyCap/ROMNewsboyCap</wornGraphicPath>
      <layers>
        <li>Overhead</li>
      </layers>
      <tags>
		<li>CallOfCthulhu_Thug</li>
      </tags>
      <defaultOutfitTags>
		<li>CallOfCthulhu_Thug</li>
      </defaultOutfitTags>
    </apparel>

    <colorGenerator Class="ColorGenerator_StandardApparel" />
  </ThingDef>




  <ThingDef ParentName="HatMakeableBase">
    <defName>ROM_Apparel_CallOfCthulhuFedora</defName>
    <label>fedora</label>
    <description>Stylish early 20th century headwear.</description>
    <graphicData>
      <texPath>Apparel/Display/CallOfCthulhu_Fedora</texPath>
      <graphicClass>Graphic_Single</graphicClass>
    </graphicData>
    <costStuffCount>25</costStuffCount>
    <stuffCategories>
      <li>Fabric</li>
      <li>Leathery</li>
    </stuffCategories>
    <statBases>
      <WorkToMake>5000</WorkToMake>
      <Mass>0.25</Mass>
      <StuffEffectMultiplierArmor>0.2</StuffEffectMultiplierArmor>
      <StuffEffectMultiplierInsulation_Cold>0.10</StuffEffectMultiplierInsulation_Cold>
      <StuffEffectMultiplierInsulation_Heat>0.40</StuffEffectMultiplierInsulation_Heat>
    </statBases>
    <equippedStatOffsets>
      <SocialImpact>0.15</SocialImpact>
    </equippedStatOffsets>

		<generateCommonality>0.1</generateCommonality>
    <apparel>
      <bodyPartGroups>
        <li>UpperHead</li>
      </bodyPartGroups>
      <wornGraphicPath>Apparel/Hats/Fedora/CallOfCthulhu_Fedora</wornGraphicPath>
      <layers>
        <li>Overhead</li>
      </layers>
      <tags>
		<li>CallOfCthulhu_JuniorDetective</li>
		<li>CallOfCthulhu_Detective</li>
      </tags>
      <defaultOutfitTags>
		<li>CallOfCthulhu_Detective</li>
      </defaultOutfitTags>
    </apparel>

    <colorGenerator Class="ColorGenerator_StandardApparel" />
  </ThingDef>


  <ThingDef ParentName="HatMakeableBase">
    <defName>ROM_Apparel_CallOfCthulhuBowler</defName>
    <label>bowler hat</label>
    <description>A stylish hat which gives off a slightly formal, business style. Improves social impact.</description>
    <graphicData>
      <texPath>Apparel/Display/CallOfCthulhu_Bowler</texPath>
      <graphicClass>Graphic_Single</graphicClass>
    </graphicData>
    <costStuffCount>25</costStuffCount>
    <stuffCategories>
      <li>Fabric</li>
      <li>Leathery</li>
    </stuffCategories>
    <statBases>
      <WorkToMake>5000</WorkToMake>
      <Mass>0.25</Mass>
      <StuffEffectMultiplierArmor>0.2</StuffEffectMultiplierArmor>
      <StuffEffectMultiplierInsulation_Cold>0.10</StuffEffectMultiplierInsulation_Cold>
      <StuffEffectMultiplierInsulation_Heat>0.40</StuffEffectMultiplierInsulation_Heat>
    </statBases>
    <equippedStatOffsets>
      <SocialImpact>0.15</SocialImpact>
    </equippedStatOffsets>

		<generateCommonality>0.1</generateCommonality>
    <apparel>
      <bodyPartGroups>
        <li>UpperHead</li>
      </bodyPartGroups>
      <wornGraphicPath>Apparel/Hats/Bowler/CallOfCthulhu_Bowler</wornGraphicPath>
      <layers>
        <li>Overhead</li>
      </layers>
      <tags>
        <li>CallOfCthulhu_Townsfolk</li>
      </tags>
      <defaultOutfitTags>
        <li>CallOfCthulhu_Townsfolk</li>
      </defaultOutfitTags>
    </apparel>
		<recipeMaker>
			<recipeUsers>
				<li>ElectricTailoringBench</li>
				<li>HandTailoringBench</li>

			</recipeUsers>
			<researchPrerequisite>ComplexClothing</researchPrerequisite>
		</recipeMaker>
    <colorGenerator Class="ColorGenerator_StandardApparel" />
  </ThingDef>


	<ThingDef ParentName="ApparelMakeableBase">
		<defName>ROM_Apparel_CallOfCthulhutrench_coat</defName>
		<description>Preferred apparel of detectives everywhere.</description>
		<label>trench coat</label>
		<graphicData>
			<texPath>Apparel/Display/CallOfCthulhu_TrenchCoat</texPath>
			<graphicClass>Graphic_Single</graphicClass>
		</graphicData>
		<costStuffCount>80</costStuffCount>
		<stuffCategories>
			<li>Fabric</li>
			<li>Leathery</li>
		</stuffCategories>
		<thingCategories>
			<li>Apparel</li>
		</thingCategories>
		<statBases>
			<MaxHitPoints>160</MaxHitPoints>
			<WorkToMake>22000</WorkToMake>
			<Mass>0.25</Mass>
			<StuffEffectMultiplierArmor>0.2</StuffEffectMultiplierArmor>
			<StuffEffectMultiplierInsulation_Cold>0.75</StuffEffectMultiplierInsulation_Cold>
			<StuffEffectMultiplierInsulation_Heat>0.75</StuffEffectMultiplierInsulation_Heat>
		</statBases>
		<equippedStatOffsets>
			<SocialImpact>0.15</SocialImpact>
			<ResearchSpeed>0.05</ResearchSpeed>
		</equippedStatOffsets>

		<generateCommonality>0.1</generateCommonality>
		<apparel>
			<bodyPartGroups>
				<li>Torso</li>
				<li>Shoulders</li>
				<li>Arms</li>
			</bodyPartGroups>
			<wornGraphicPath>Apparel/Bodywear_Clothing/TrenchCoat/CallOfCthulhu_TrenchCoat</wornGraphicPath>
			<layers>
				<li>Shell</li>
			</layers>
			<tags>
				<li>CallOfCthulhu_JuniorDetective</li>
				<li>CallOfCthulhu_Detective</li>
			</tags>
			<defaultOutfitTags>
				<li>CallOfCthulhu_Detective</li>
			</defaultOutfitTags>
		</apparel>
		<recipeMaker>
			<recipeUsers>
				<li>ElectricTailoringBench</li>
				<li>HandTailoringBench</li>

			</recipeUsers>
			<researchPrerequisite>ComplexClothing</researchPrerequisite>
		</recipeMaker>
		<colorGenerator Class="ColorGenerator_StandardApparel" />
	</ThingDef>




</Defs>
