<?xml version="1.0" encoding="utf-8" ?>
<Defs>

<!-- Angler -->

	<ThingDef ParentName="ApparelMakeableBase">
		<defName>ROM_ApparelRaincoat</defName>
		<description>Water resistant coat often used by fishermen.</description>
		<label>rain coat</label>
		<graphicData>
			<texPath>Apparel/Display/ROMRainCoat</texPath>
      <graphicClass>Graphic_Single</graphicClass>
      <shaderType>CutoutComplex</shaderType>
	  <color>(26, 215, 51)</color>
    </graphicData>
    <costStuffCount>150</costStuffCount>
	<thingSetMakerTags>
	  <li>NoRecolor</li>
	</thingSetMakerTags>
    <stuffCategories>
      <li>Fabric</li>
      <li>Leathery</li>
    </stuffCategories>
		<thingCategories>
			<li>Apparel</li>
		</thingCategories>
		<statBases>
		    <Mass>2.2</Mass>
			<MaxHitPoints>120</MaxHitPoints>
			<WorkToMake>20000</WorkToMake>
            <StuffEffectMultiplierArmor>0.3</StuffEffectMultiplierArmor>
            <StuffEffectMultiplierInsulation_Cold>0.5</StuffEffectMultiplierInsulation_Cold>
            <StuffEffectMultiplierInsulation_Heat>0.5</StuffEffectMultiplierInsulation_Heat>
            <EquipDelay>2.5</EquipDelay>
		</statBases>
		<generateCommonality>0.1</generateCommonality>
		<apparel>
			<bodyPartGroups>
				<li>Torso</li>
				<li>Shoulders</li>
				<li>Arms</li>
				<li>Legs</li>
			</bodyPartGroups>
			<wornGraphicPath>Apparel/Bodywear_Clothing/Raincoat/ROMRainCoat</wornGraphicPath>
			<layers>
				<li>Shell</li>
			</layers>
			<tags>
				<li>ROM_RainCoat</li>
			</tags>
			<defaultOutfitTags>
				<li>ROM_RainCoat</li>
			</defaultOutfitTags>
		</apparel>
		<recipeMaker>
			<recipeUsers>
				<li>ElectricTailoringBench</li>
				<li>HandTailoringBench</li>
			</recipeUsers>
			<researchPrerequisite>ROM_OccupationClothing</researchPrerequisite>
		</recipeMaker>
    <comps>
      <li>
        <compClass>CompColorable</compClass>
      </li>
    </comps>
	</ThingDef>

  <ThingDef ParentName="HatMakeableBase">
    <defName>ROM_Apparel_ROM_SlickerHat</defName>
    <label>slicker hat</label>
    <description>A yellow hat designed to repel water, a favorite of anglers and retired accountants who enjoy fishing.</description>
    <graphicData>
      <texPath>Apparel/Display/ROMSlickerHat</texPath>
      <graphicClass>Graphic_Single</graphicClass>
      <shaderType>CutoutComplex</shaderType>
    </graphicData>
    <costStuffCount>25</costStuffCount>
    <stuffCategories>
      <li>Fabric</li>
      <li>Leathery</li>
    </stuffCategories>
    <statBases>
      <WorkToMake>5000</WorkToMake>
      <Mass>0.14</Mass>
      <StuffEffectMultiplierArmor>0.17</StuffEffectMultiplierArmor>
      <StuffEffectMultiplierInsulation_Cold>0.25</StuffEffectMultiplierInsulation_Cold>
      <StuffEffectMultiplierInsulation_Heat>0.25</StuffEffectMultiplierInsulation_Heat>
      <EquipDelay>0.8</EquipDelay>
    </statBases>
    <generateCommonality>0.1</generateCommonality>
    <apparel>
      <bodyPartGroups>
        <li>UpperHead</li>
      </bodyPartGroups>
      <wornGraphicPath>Apparel/Hats/SlickerHat/ROMSlickerHat</wornGraphicPath>
      <layers>
        <li>Overhead</li>
      </layers>
      <tags>
		<li>CallOfCthulhu_TownsfolkAngler</li>
      </tags>
      <defaultOutfitTags>
		<li>CallOfCthulhu_TownsfolkAngler</li>
      </defaultOutfitTags>
    </apparel>
	<recipeMaker>
		<recipeUsers>
			<li>ElectricTailoringBench</li>
			<li>HandTailoringBench</li>
		</recipeUsers>
		<researchPrerequisite>ROM_OccupationClothing</researchPrerequisite>
	</recipeMaker>
  </ThingDef>

<!-- Farmer -->

  <ThingDef ParentName="HatMakeableBase">
    <defName>ROM_Apparel_ROM_StrawHat</defName>
    <label>straw hat</label>
    <description>A hat fashioned from straw to shield the user from the sun.</description>
    <graphicData>
      <texPath>Apparel/Display/ROMStrawHat</texPath>
      <graphicClass>Graphic_Single</graphicClass>
      <shaderType>CutoutComplex</shaderType>
    </graphicData>
    <costStuffCount>25</costStuffCount>
    <stuffCategories>
      <li>Fabric</li>
      <li>Leathery</li>
    </stuffCategories>
    <statBases>
      <WorkToMake>2000</WorkToMake>
      <Mass>0.25</Mass>
      <StuffEffectMultiplierArmor>0.05</StuffEffectMultiplierArmor>
      <StuffEffectMultiplierInsulation_Cold>0.05</StuffEffectMultiplierInsulation_Cold>
      <StuffEffectMultiplierInsulation_Heat>0.60</StuffEffectMultiplierInsulation_Heat>
      <EquipDelay>0.6</EquipDelay>
    </statBases>
	<generateCommonality>0.1</generateCommonality>
    <apparel>
      <bodyPartGroups>
        <li>UpperHead</li>
      </bodyPartGroups>
      <wornGraphicPath>Apparel/Hats/StrawHat/ROMStrawHat</wornGraphicPath>
      <layers>
        <li>Overhead</li>
      </layers>
      <tags>
		<li>CallOfCthulhu_Farmer</li>
      </tags>
      <defaultOutfitTags>
		<li>CallOfCthulhu_Farmer</li>
      </defaultOutfitTags>
    </apparel>
	<recipeMaker>
		<recipeUsers>
			<li>ElectricTailoringBench</li>
			<li>HandTailoringBench</li>
		</recipeUsers>
		<researchPrerequisite>ROM_OccupationClothing</researchPrerequisite>
	</recipeMaker>
  </ThingDef>

<!-- Police -->

  <ThingDef ParentName="HatMakeableBase">
    <defName>ROM_Apparel1920sPoliceHat</defName>
    <label>police hat</label>
    <description>Designates someone as an authority figure. The accuracy of this designation is left to the eye of the beholder.</description>
    <graphicData>
      <texPath>Apparel/Display/CallOfCthulhu_1920sPoliceHat</texPath>
      <graphicClass>Graphic_Single</graphicClass>
      <shaderType>CutoutComplex</shaderType>
    </graphicData>
    <costStuffCount>25</costStuffCount>
    <stuffCategories>
      <li>Fabric</li>
      <li>Leathery</li>
    </stuffCategories>
    <statBases>
      <WorkToMake>2500</WorkToMake>
      <Mass>0.25</Mass>
      <StuffEffectMultiplierArmor>0.225</StuffEffectMultiplierArmor>
      <StuffEffectMultiplierInsulation_Cold>0.50</StuffEffectMultiplierInsulation_Cold>
      <StuffEffectMultiplierInsulation_Heat>0.25</StuffEffectMultiplierInsulation_Heat>
      <EquipDelay>0.6</EquipDelay>
    </statBases>
    <equippedStatOffsets>
      <SocialImpact>0.15</SocialImpact>
    </equippedStatOffsets>
		<generateCommonality>0.1</generateCommonality>
    <apparel>
      <bodyPartGroups>
        <li>UpperHead</li>
      </bodyPartGroups>
      <wornGraphicPath>Apparel/Hats/1920sPoliceHat/CallOfCthulhu_1920sPoliceHat</wornGraphicPath>
      <layers>
        <li>Overhead</li>
      </layers>
      <tags>
		<li>CallOfCthulhu_TownsfolkPolice</li>
      </tags>
      <defaultOutfitTags>
		<li>CallOfCthulhu_TownsfolkPolice</li>
      </defaultOutfitTags>
    </apparel>
	<recipeMaker>
		<recipeUsers>
			<li>ElectricTailoringBench</li>
			<li>HandTailoringBench</li>
		</recipeUsers>
		<researchPrerequisite>ROM_OccupationClothing</researchPrerequisite>
	</recipeMaker>
  </ThingDef>


	<ThingDef ParentName="ApparelMakeableBase">
		<defName>ROM_Apparel1920sPoliceOutfit</defName>
		<description>Early 20th century attire suited for local enforcers to use when keeping the peace.</description>
		<label>police uniform</label>
		<graphicData>
			<texPath>Apparel/Display/CallOfCthulhu_1920sPoliceOutfit</texPath>
      <graphicClass>Graphic_Single</graphicClass>
      <shaderType>CutoutComplex</shaderType>
    </graphicData>
    <costStuffCount>150</costStuffCount>
    <stuffCategories>
      <li>Fabric</li>
      <li>Leathery</li>
    </stuffCategories>
		<thingCategories>
			<li>Apparel</li>
		</thingCategories>
		<statBases>
			<MaxHitPoints>160</MaxHitPoints>
			<WorkToMake>12500</WorkToMake>
			<Mass>2.6</Mass>
			<StuffEffectMultiplierArmor>0.4</StuffEffectMultiplierArmor>
			<StuffEffectMultiplierInsulation_Cold>0.50</StuffEffectMultiplierInsulation_Cold>
			<StuffEffectMultiplierInsulation_Heat>0.50</StuffEffectMultiplierInsulation_Heat>
			<EquipDelay>0.6</EquipDelay>
		</statBases>
		<generateCommonality>0.1</generateCommonality>
		<apparel>
			<bodyPartGroups>
				<li>Torso</li>
				<li>Shoulders</li>
				<li>Arms</li>
				<li>Legs</li>
			</bodyPartGroups>
			<wornGraphicPath>Apparel/Bodywear_Clothing/1920sPoliceOutfit/CallOfCthulhu_1920sPoliceOutfit</wornGraphicPath>
			<layers>
				<li>Shell</li>
			</layers>
			<tags>
				<li>CallOfCthulhu_TownsfolkPolice</li>
			</tags>
			<defaultOutfitTags>
				<li>CallOfCthulhu_TownsfolkPolice</li>
			</defaultOutfitTags>
		</apparel>
		<recipeMaker>
			<recipeUsers>
				<li>ElectricTailoringBench</li>
				<li>HandTailoringBench</li>
			</recipeUsers>
			<researchPrerequisite>ROM_OccupationClothing</researchPrerequisite>
		</recipeMaker>
	</ThingDef>


	<!-- Soldier -->

	  <ThingDef ParentName="HatMakeableBase">
	    <defName>ROM_ApparelWWIHelmet</defName>
	    <label>infantry helmet (World War I)</label>
	    <description>To avoid coming home from the front lines in seperate bags, be sure to wear this simplistic protective headwear.</description>
	    <graphicData>
	      <texPath>Apparel/Display/ROMWWIUKHelmet</texPath>
	      <graphicClass>Graphic_Single</graphicClass>
	      <shaderType>CutoutComplex</shaderType>
	    </graphicData>
			<stuffCategories>
	      <li>Metallic</li>
	    </stuffCategories>
			<costStuffCount>70</costStuffCount>
			<statBases>
				<WorkToMake>3100</WorkToMake>
				<MaxHitPoints>100</MaxHitPoints>
				<Mass>2</Mass>
			    <StuffEffectMultiplierArmor>0.475</StuffEffectMultiplierArmor>
			    <StuffEffectMultiplierInsulation_Cold>0.15</StuffEffectMultiplierInsulation_Cold>
			    <StuffEffectMultiplierInsulation_Heat>0</StuffEffectMultiplierInsulation_Heat>
			    <EquipDelay>2.5</EquipDelay>
			</statBases>
			<equippedStatOffsets>
				<MoveSpeed>-0.0375</MoveSpeed>
				<PsychicSensitivity>-0.12</PsychicSensitivity>
			</equippedStatOffsets>
			<generateCommonality>0.1</generateCommonality>
	    <apparel>
	      <bodyPartGroups>
	        <li>UpperHead</li>
	      </bodyPartGroups>
	      <wornGraphicPath>Apparel/Hats/WWIUKHat/WWIUKHelmet</wornGraphicPath>
	      <layers>
	        <li>Overhead</li>
	      </layers>
	      <tags>
			<li>CallOfCthulhu_Infantry</li>
	      </tags>
	      <defaultOutfitTags>
			<li>CallOfCthulhu_Infantry</li>
	      </defaultOutfitTags>
	    </apparel>
		<recipeMaker>
			<recipeUsers>
				<li>ElectricTailoringBench</li>
				<li>HandTailoringBench</li>
			</recipeUsers>
			<researchPrerequisite>ROM_OccupationClothing</researchPrerequisite>
		</recipeMaker>
	  </ThingDef>

		<ThingDef ParentName="ApparelMakeableBase">
			<defName>ROM_ApparelWWIUniform</defName>
			<description>This apparel made it easier to distinguish friendlies on the battlefield. However, it provided little in the way of actual body armor.</description>
			<label>infantry uniform (World War I)</label>
			<graphicData>
				<texPath>Apparel/Display/ROMWWIUKCoat</texPath>
	      <graphicClass>Graphic_Single</graphicClass>
	      <shaderType>CutoutComplex</shaderType>
	    </graphicData>
	    <costStuffCount>150</costStuffCount>
	    <stuffCategories>
	      <li>Fabric</li>
	      <li>Leathery</li>
	    </stuffCategories>
			<thingCategories>
				<li>Apparel</li>
			</thingCategories>
			<statBases>
				<MaxHitPoints>160</MaxHitPoints>
				<WorkToMake>12500</WorkToMake>
				<Mass>2.75</Mass>
				<StuffEffectMultiplierArmor>0.45</StuffEffectMultiplierArmor>
				<StuffEffectMultiplierInsulation_Cold>0.55</StuffEffectMultiplierInsulation_Cold>
				<StuffEffectMultiplierInsulation_Heat>0.55</StuffEffectMultiplierInsulation_Heat>
				<EquipDelay>1.0</EquipDelay>
			</statBases>
			<equippedStatOffsets>
				<MoveSpeed>-0.048</MoveSpeed>
				<WorkSpeedGlobal>-0.048</WorkSpeedGlobal>
			</equippedStatOffsets>

			<generateCommonality>0.1</generateCommonality>
			<apparel>
				<bodyPartGroups>
					<li>Torso</li>
					<li>Shoulders</li>
					<li>Arms</li>
					<li>Legs</li>
				</bodyPartGroups>
				<wornGraphicPath>Apparel/Bodywear_Clothing/WWIInfantryUniform/WWIUKCoat</wornGraphicPath>
				<layers>
					<li>Shell</li>
				</layers>
				<tags>
					<li>CallOfCthulhu_Infantry</li>
				</tags>
				<defaultOutfitTags>
					<li>CallOfCthulhu_Infantry</li>
				</defaultOutfitTags>
			</apparel>
			<recipeMaker>
				<recipeUsers>
					<li>ElectricTailoringBench</li>
					<li>HandTailoringBench</li>
				</recipeUsers>
				<researchPrerequisite>ROM_OccupationClothing</researchPrerequisite>
			</recipeMaker>
		</ThingDef>



  <!-- Nurse -->

  <ThingDef ParentName="HatMakeableBase">
    <defName>ROM_Apparel_NurseCap</defName>
    <label>nurse cap</label>
    <description>An ancient nurse cap from the first Great War. While typically worn by female nurses historically, residents of the rim both male and female have found it most fashionable.</description>
    <graphicData>
      <texPath>Apparel/Display/NurseCap</texPath>
      <graphicClass>Graphic_Single</graphicClass>
      <shaderType>CutoutComplex</shaderType>
    </graphicData>
    <costStuffCount>25</costStuffCount>
    <stuffCategories>
      <li>Fabric</li>
      <li>Leathery</li>
    </stuffCategories>
    <statBases>
      <WorkToMake>5000</WorkToMake>
      <Mass>0.25</Mass>
      <StuffEffectMultiplierArmor>0.05</StuffEffectMultiplierArmor>
      <StuffEffectMultiplierInsulation_Cold>0.10</StuffEffectMultiplierInsulation_Cold>
      <StuffEffectMultiplierInsulation_Heat>0.10</StuffEffectMultiplierInsulation_Heat>
      <EquipDelay>0.6</EquipDelay>
    </statBases>
	<equippedStatOffsets>
		<MedicalSurgerySuccessChance>0.05</MedicalSurgerySuccessChance>
		<MedicalTendQuality>0.05</MedicalTendQuality>
		<MedicalTendSpeed>0.05</MedicalTendSpeed>
		<MedicalOperationSpeed>0.05</MedicalOperationSpeed>
	</equippedStatOffsets>

	<generateCommonality>0.1</generateCommonality>
    <apparel>
      <bodyPartGroups>
        <li>UpperHead</li>
      </bodyPartGroups>
      <wornGraphicPath>Apparel/Hats/NurseCap/NurseCap</wornGraphicPath>
      <layers>
        <li>Overhead</li>
      </layers>
      <tags>
		<li>CallOfCthulhu_TownsfolkNurse</li>
      </tags>
      <defaultOutfitTags>
		<li>CallOfCthulhu_TownsfolkNurse</li>
      </defaultOutfitTags>
    </apparel>
	<recipeMaker>
		<recipeUsers>
			<li>ElectricTailoringBench</li>
			<li>HandTailoringBench</li>
		</recipeUsers>
		<researchPrerequisite>ROM_OccupationClothing</researchPrerequisite>
	</recipeMaker>
  </ThingDef>



	<ThingDef ParentName="ApparelMakeableBase">
		<defName>ROM_Apparel_WW1NurseUniform</defName>
		<description>An ancient nurse uniform from the first Great War. While typically worn by female nurses historically, residents of the rim both male and female have found it most fashionable.</description>
		<label>nurse uniform</label>
		<graphicData>
			<texPath>Apparel/Display/WW1Nurse</texPath>
      <graphicClass>Graphic_Single</graphicClass>
      <shaderType>CutoutComplex</shaderType>
    </graphicData>
    <costStuffCount>150</costStuffCount>
    <stuffCategories>
      <li>Fabric</li>
      <li>Leathery</li>
    </stuffCategories>
		<costList>
			<MedicineIndustrial>2</MedicineIndustrial>
		</costList>
		<thingCategories>
			<li>Apparel</li>
		</thingCategories>
		<statBases>
		    <Mass>2.2</Mass>
			<MaxHitPoints>120</MaxHitPoints>
			<WorkToMake>15000</WorkToMake>
            <StuffEffectMultiplierArmor>0.03</StuffEffectMultiplierArmor>
            <StuffEffectMultiplierInsulation_Cold>0.2</StuffEffectMultiplierInsulation_Cold>
            <StuffEffectMultiplierInsulation_Heat>0.2</StuffEffectMultiplierInsulation_Heat>
            <EquipDelay>2.5</EquipDelay>
		</statBases>
		<equippedStatOffsets>
			<MedicalSurgerySuccessChance>0.10</MedicalSurgerySuccessChance>
			<MedicalTendQuality>0.10</MedicalTendQuality>
			<MedicalTendSpeed>0.1</MedicalTendSpeed>
			<MedicalOperationSpeed>0.1</MedicalOperationSpeed>
		</equippedStatOffsets>

		<generateCommonality>0.1</generateCommonality>
		<apparel>
			<bodyPartGroups>
				<li>Torso</li>
				<li>Shoulders</li>
				<li>Legs</li>
			</bodyPartGroups>
			<wornGraphicPath>Apparel/Bodywear_Clothing/WW1NurseUniform/WW1Nurse</wornGraphicPath>
			<layers>
				<li>OnSkin</li>
			</layers>
			<tags>
				<li>CallOfCthulhu_TownsfolkNurse</li>
			</tags>
			<defaultOutfitTags>
				<li>Worker</li>
			</defaultOutfitTags>
		</apparel>
		<recipeMaker>
			<recipeUsers>
				<li>ElectricTailoringBench</li>
				<li>HandTailoringBench</li>
			</recipeUsers>
			<researchPrerequisite>ROM_OccupationClothing</researchPrerequisite>
		</recipeMaker>
	</ThingDef>


</Defs>
